Rating,Backlink source,Linked competitor
67,https://www.ispmanager.com/,"https://www.ispmanager.com/, https://www.linkedin.com/company/ispmanager/, 67, text, 1, false, Hosting Control Panel by ispmanager, 2026-04-17T00:00:00+0200, 2022-06-15T00:00:00+0200, false, 200, false, 11, 77, https://www.ispmanager.com/, https://dev.to/ispmanager, 67, text, 1, false, Hosting Control Panel by ispmanager, 2026-04-17T00:00:00+0200, 2024-09-27T00:00:00+0200, false, 200, true, 11, 77"
60,https://jobseekers.ph/,"https://jobseekers.ph/, https://www.fiverr.com/angelu_morales/buying?source=avatar_menu_profile, 60, text, 1, false, Hire Top Filipino Virtual Assistants | Work from Home & Remote Jobs Find expert VA talent for your business or apply for the best remote roles today. - Home, 2026-03-09T00:00:00+0100, 2026-03-09T00:00:00+0100, true, 200, true, 44, 36, https://jobseekers.ph/, https://www.upwork.com/freelancers/~014e386f295e426847, 60, text, 1, false, Hire Top Filipino Virtual Assistants | Work from Home & Remote Jobs Find expert VA talent for your business or apply for the best remote roles today. - Home, 2026-03-09T00:00:00+0100, 2026-03-09T00:00:00+0100, true, 200, true, 44, 36"
56,https://habr.com/ru/feed/,"https://habr.com/ru/feed/, https://www.upwork.com/jobs/Codex-vibe-coder-complete-current-project_~022023474982351875988, 56, text, 1, true, Публикации / Моя лента / Хабр, 2026-02-26T00:00:00+0100, 2026-02-26T00:00:00+0100, true, 200, false, появилась, 25, 243, https://habr.com/ru/feed/, https://dev.to/jasonguo/karpathys-claude-code-field-notes-real-experience-and-deep-reflections-on-the-ai-programming-era-4e2f, 56, text, 1, true, Публикации / Моя лента / Хабр, 2026-02-02T00:00:00+0100, 2026-02-02T00:00:00+0100, true, 200, false, андрей карпаты: манифест vibe <wbr>coding, 15, 240"
53,https://www.socialbookmarkssite.com/,"https://www.socialbookmarkssite.com/, https://www.fiverr.com/aisyedibrahim?public_mode=true, 53, text, 1, true, Social Bookmarks Site · Save your favorite websites quick and easy, 2026-02-21T00:00:00+0100, 2026-02-21T00:00:00+0100, true, 200, false, syed ibrahim khalil ullah, 25, 85, https://www.socialbookmarkssite.com/, https://dev.to/teckstack_5b8401b6cc2aee5/techstack-best-digital-marketing-institute-in-delhi-for-practical-career-growth-42ce, 53, text, 1, true, Social Bookmarks Site · Save your favorite websites quick and easy, 2026-02-19T00:00:00+0100, 2026-02-19T00:00:00+0100, true, 200, false, techstack – best digital marke<wbr>ting institute in delhi for pr<wbr>actical career growth, 25, 103"
52,https://coinfolk.net/recent,"https://coinfolk.net/recent, https://www.fiverr.com/imam922, 52, text, 1, true, Coin Folk, 2026-04-13T00:00:00+0200, 2026-04-13T00:00:00+0200, true, 200, false, https://www<wbr>.fiverr<wbr>.com<wbr>/imam922, 60, 168, https://coinfolk.net/recent, https://dev.to/houseura, 52, text, 1, true, Coin Folk, 2026-03-10T00:00:00+0100, 2026-03-10T00:00:00+0100, true, 200, false, https://dev.to/houseura, 829, 170"
52,https://ffttt.com/1409.html,"https://ffttt.com/1409.html, https://www.upwork.com/, 52, text, 1, false, 全球著名的10大自由职业者平台 - 元气次元, 2026-04-13T00:00:00+0200, 2025-10-08T00:00:00+0200, false, 200, false, www.upwork.com/, 66, 53, https://ffttt.com/1409.html, https://www.toptal.com/, 52, text, 1, false, 全球著名的10大自由职业者平台 - 元气次元, 2026-04-13T00:00:00+0200, 2025-10-08T00:00:00+0200, false, 200, false, https://www.toptal.com/, 66, 53"
51,https://www.gmass.co/blog/support/,"https://www.gmass.co/blog/support/, https://www.fiverr.com/search/gigs?query=gmass&source=top-bar&search_in=everywhere&search-autocomplete-original-term=gmass, 51, text, 1, false, How to get support, 2026-04-15T00:00:00+0200, 2025-03-07T00:00:00+0100, false, 200, false, fiverr, 19, 1266, https://www.gmass.co/blog/support/, https://www.upwork.com/ab/profiles/search/?q=gmass&user_pref=1, 51, text, 1, false, How to get support, 2026-04-15T00:00:00+0200, 2025-03-07T00:00:00+0100, false, 200, false, upwork, 19, 1266"
49,https://www.twilio.com/en-us/partners,"https://www.twilio.com/en-us/partners, https://www.fiverr.com/search/gigs?query=twilio, 49, text, 1, false, Move Faster with a Twilio Partner for Custom Solutions | Twilio, 2026-04-16T00:00:00+0200, 2024-11-13T00:00:00+0100, false, 200, false, fiverr, 24, 338, https://www.twilio.com/en-us/partners, https://www.upwork.com/hire/twilio-api-developers/, 49, text, 1, false, Move Faster with a Twilio Partner for Custom Solutions | Twilio, 2026-04-16T00:00:00+0200, 2024-11-14T00:00:00+0100, false, 200, false, upwork, 24, 338"
49,https://www.quantumworkplace.com/newsroom,"https://www.quantumworkplace.com/newsroom, https://www.upwork.com/resources/how-to-motivate-remote-workers, 49, text, 1, false, Newsroom | Quantum Workplace, 2026-04-16T00:00:00+0200, 2024-10-08T00:00:00+0200, false, 200, false, upwork, 417, 245, https://www.quantumworkplace.com/newsroom, https://dev.to/sidmustafa/engineering-excellence-crafting-highly-profitable-teams-3679, 49, text, 1, false, Newsroom | Quantum Workplace, 2026-04-16T00:00:00+0200, 2024-01-24T00:00:00+0100, false, 200, false, 🚀 engineering excellence: craf<wbr>ting highly profitable teams 🌟, 417, 245"
48,https://appsumo.com/content/how-to-start-an-online-business,"https://appsumo.com/content/how-to-start-an-online-business, https://www.fiverr.com/support/articles/360050063113-How-do-I-create-a-Fiverr-account-Buyer-and-Seller-accounts, 48, text, 1, false, 2022 Guide to Starting An Online Business (6 Simple Steps), 2026-04-16T00:00:00+0200, 2023-05-27T00:00:00+0200, false, 200, false, fiverr, 62, 124, https://appsumo.com/content/how-to-start-an-online-business, https://www.upwork.com/resources/how-to-get-started-on-upwork-as-a-freelancer, 48, text, 1, false, 2022 Guide to Starting An Online Business (6 Simple Steps), 2026-04-16T00:00:00+0200, 2023-05-27T00:00:00+0200, false, 200, false, upwork, 62, 124"
48,https://jekeshkumar.com/,"https://jekeshkumar.com/, https://www.fiverr.com/jekeshkumaroad, 48, text, 1, false, Jekesh Kumar - Clear, Simple, WordPress., 2026-04-16T00:00:00+0200, 2025-05-31T00:00:00+0200, false, 200, true, fiverr, 5, 79, https://jekeshkumar.com/, https://www.upwork.com/freelancers/jekeshk, 48, text, 1, false, Jekesh Kumar - Clear, Simple, WordPress., 2026-04-16T00:00:00+0200, 2025-07-02T00:00:00+0200, false, 200, true, 5, 79"
48,https://moneysavingmom.com/,"https://moneysavingmom.com/, https://track.fiverr.com/visit/?bta=10825&brand=fiverrcpa&campaign=27937, 48, text, 1, false, Money Saving Mom® | Saving Families Money Since 2007, 2026-01-09T00:00:00+0100, 2026-01-09T00:00:00+0100, true, 200, true, desk with an open laptop, flow<wbr>ers, coffee mug, and open notebook with a pen<wbr>., 181, 434, https://moneysavingmom.com/, https://www.upwork.com/, 48, text, 1, false, Money Saving Mom® | Saving Families Money Since 2007, 2026-01-09T00:00:00+0100, 2026-01-09T00:00:00+0100, true, 200, false, upwork, 181, 434"
47,https://www.amz123.com/,"https://www.amz123.com/, https://www.fiverr.com/, 47, text, 1, true, AMZ123亚马逊导航-跨境电商出海门户, 2026-04-16T00:00:00+0200, 2022-09-20T00:00:00+0200, false, 200, false, fiverr, 596, 394, https://www.amz123.com/, https://www.upwork.com/, 47, text, 1, true, AMZ123亚马逊导航-跨境电商出海门户, 2026-04-16T00:00:00+0200, 2022-09-20T00:00:00+0200, false, 200, false, upwork, 596, 394"
47,https://socialbee.com/,"https://socialbee.com/, https://go.fiverr.com/visit/?bta=1086797&brand=fiverrmarketplace&landingPage=https%253A%252F%252Fwww.fiverr.com%252Fcp%252Fsocial-bee-marketplace, 47, text, 1, false, SocialBee | AI-Powered Social Media Management Tool, 2026-04-16T00:00:00+0200, 2025-06-06T00:00:00+0200, true, 200, false, get a fiverr expert, 10, 133, https://socialbee.com/, https://www.upwork.com/experts/socialbee?utm_medium=Affiliate&utm_source=socialbee&utm_campaign=AFF_socialbee_PSHP_app, 47, text, 1, false, SocialBee | AI-Powered Social Media Management Tool, 2026-01-19T00:00:00+0100, 2025-06-06T00:00:00+0200, true, 200, false, marketplace (upwork), 11, 133"
47,https://www.prospects.ac.uk/applying-for-university/alternatives-to-university/,"https://www.prospects.ac.uk/applying-for-university/alternatives-to-university/, https://www.fiverr.com/start_selling?source=top_nav, 47, text, 1, false, Alternatives to university | What to do instead of going to uni | Prospects...., 2026-04-15T00:00:00+0200, 2025-06-02T00:00:00+0200, false, 200, false, fiverr, 25, 164, https://www.prospects.ac.uk/applying-for-university/alternatives-to-university/, https://www.upwork.com/freelance-jobs/, 47, text, 1, false, Alternatives to university | What to do instead of going to uni | Prospects...., 2026-04-15T00:00:00+0200, 2025-06-02T00:00:00+0200, false, 200, false, upwork, 25, 164"
46,https://www.twine.net/blog/the-10-best-alternatives-to-99designs/,"https://www.twine.net/blog/the-10-best-alternatives-to-99designs/, https://www.fiverr.com/, 46, text, 1, true, The 10 Best Alternatives to 99Designs - Twine Blog, 2026-04-15T00:00:00+0200, 2024-04-26T00:00:00+0200, false, 200, false, fiverr, 17, 114, https://www.twine.net/blog/the-10-best-alternatives-to-99designs/, http://www.upwork.com/, 46, text, 1, true, The 10 Best Alternatives to 99Designs - Twine Blog, 2026-04-15T00:00:00+0200, 2024-04-26T00:00:00+0200, false, 200, false, upwork, 17, 114"
46,https://ichie.io/how-to-make-money-online-as-a-nigerian-student/,"https://ichie.io/how-to-make-money-online-as-a-nigerian-student/, https://www.fiverr.com/, 46, text, 1, true, How to Make Money Online as a Nigerian Student, 2026-02-08T00:00:00+0100, 2025-02-28T00:00:00+0100, true, 200, false, fiverr,, 50, 137, https://ichie.io/how-to-make-money-online-as-a-nigerian-student/, https://www.upwork.com/, 46, text, 1, true, How to Make Money Online as a Nigerian Student, 2026-02-08T00:00:00+0100, 2025-02-28T00:00:00+0100, true, 200, false, upwork, 50, 137"
45,https://www.academicwork.ch/articles/carrire/espace-start-up--10-outils-pour-vous-faciliter-la-vie-et-vous-concentrer-sur-votre-business,"https://www.academicwork.ch/articles/carrire/espace-start-up--10-outils-pour-vous-faciliter-la-vie-et-vous-concentrer-sur-votre-business, https://www.fiverr.com/, 45, text, 1, false, Espace Start-Up : 10 outils pour vous faciliter la vie et vous concentrer sur votre business | Academic Work, 2026-04-16T00:00:00+0200, 2025-02-01T00:00:00+0100, false, 200, false, fiverr, 17, 26, https://www.academicwork.ch/articles/carrire/espace-start-up--10-outils-pour-vous-faciliter-la-vie-et-vous-concentrer-sur-votre-business, https://www.upwork.com/, 45, text, 1, false, Espace Start-Up : 10 outils pour vous faciliter la vie et vous concentrer sur votre business | Academic Work, 2026-04-16T00:00:00+0200, 2025-02-01T00:00:00+0100, false, 200, false, upwork, 17, 26"
45,https://www.experte.de/logo-erstellen,"https://www.experte.de/logo-erstellen, https://de.fiverr.com/, 45, text, 1, false, Logo selbst erstellen: 7 Online-Tools im Test | EXPERTE.de, 2026-04-15T00:00:00+0200, 2021-11-04T00:00:00+0100, false, 200, false, fiverr, 6, 136, https://www.experte.de/logo-erstellen, https://www.upwork.com/, 45, text, 1, false, Logo selbst erstellen: 7 Online-Tools im Test | EXPERTE.de, 2026-04-15T00:00:00+0200, 2021-11-04T00:00:00+0100, false, 200, false, upwork, 6, 136"
44,https://www.ryrob.com/best-businesses-start-while-working-full-time-job/,"https://www.ryrob.com/best-businesses-start-while-working-full-time-job/, https://track.fiverr.com/visit/?bta=14001&brand=fb&campaign=1932880, 44, text, 1, true, 137 Small Business Ideas to Start in 2026 (& Make Money), 2026-04-16T00:00:00+0200, 2021-07-21T00:00:00+0200, false, 200, false, fiverr, 288, 488, https://www.ryrob.com/best-businesses-start-while-working-full-time-job/, https://www.upwork.com/find-work-home/, 44, text, 1, true, 137 Small Business Ideas to Start in 2026 (& Make Money), 2026-04-16T00:00:00+0200, 2020-11-16T00:00:00+0100, false, 200, false, upwork, 288, 488"
44,https://www.bachelorsportal.com/countries/15/italy.html,"https://www.bachelorsportal.com/countries/15/italy.html, https://www.fiverr.com/, 44, text, 1, true, Study in Italy: the ultimate guide for a Bachelor in 2026 | Bachelorsportal, 2026-04-16T00:00:00+0200, 2023-06-09T00:00:00+0200, false, 200, false, fiverr, 221, 183, https://www.bachelorsportal.com/countries/15/italy.html, https://www.upwork.com/, 44, text, 1, true, Study in Italy: the ultimate guide for a Bachelor in 2026 | Bachelorsportal, 2026-04-16T00:00:00+0200, 2023-06-09T00:00:00+0200, false, 200, false, upwork, 221, 183"
44,https://www.experte.com/logo-design,"https://www.experte.com/logo-design, https://www.fiverr.com/, 44, text, 1, false, Create a Logo: 7 Online Tools Reviewed | EXPERTE.com, 2026-04-16T00:00:00+0200, 2021-12-23T00:00:00+0100, false, 200, false, fiverr, 5, 123, https://www.experte.com/logo-design, https://www.upwork.com/, 44, text, 1, false, Create a Logo: 7 Online Tools Reviewed | EXPERTE.com, 2026-04-16T00:00:00+0200, 2021-12-23T00:00:00+0100, false, 200, false, upwork, 5, 123"
44,https://www.cncf.io/training/kubestronaut/,"https://www.cncf.io/training/kubestronaut/, https://www.upwork.com/freelancers/~01f43002ed7f182a3c, 44, text, 1, false, Kubestronaut Program | CNCF, 2026-04-14T00:00:00+0200, 2026-01-27T00:00:00+0100, false, 200, true, 607, 130, https://www.cncf.io/training/kubestronaut/, https://dev.to/davidshaek, 44, text, 1, false, Kubestronaut Program | CNCF, 2026-01-18T00:00:00+0100, 2025-08-05T00:00:00+0200, true, 200, true, 338, 142"
44,https://www.spocket.co/blogs/make-money-online,"https://www.spocket.co/blogs/make-money-online, https://www.upwork.com/, 44, text, 1, false, 25 Easy and Proven Ways to Make Money Online in 2025, 2026-04-15T00:00:00+0200, 2024-12-02T00:00:00+0100, false, 200, false, upwork, 68, 197, https://www.spocket.co/blogs/make-money-online, https://www.toptal.com/, 44, text, 1, false, 25 Easy and Proven Ways to Make Money Online in 2025, 2026-04-15T00:00:00+0200, 2024-12-02T00:00:00+0100, false, 200, false, toptal, 68, 197"
44,https://www.4nerds.com/,"https://www.4nerds.com/, https://www.toptal.com/research-and-analysis/new-forcasting-model-q1-2026, 44, text, 1, false, 4Nerds -- Search for Nerdy Interests, Products, and News, 2026-01-31T00:00:00+0100, 2026-01-31T00:00:00+0100, true, 200, false, forecast: us white-collar and <wbr>tech jobs may strengthen in q1<wbr> 2026, 83, 43, https://www.4nerds.com/, https://dev.to/amoorzheyu/xi-tong-dai-li-pei-zhi-bu-ke-chi-jiu-hua-de-wen-ti-pai-cha-yu-jie-jue-23j8, 44, text, 1, false, 4Nerds -- Search for Nerdy Interests, Products, and News, 2026-01-25T00:00:00+0100, 2026-01-25T00:00:00+0100, true, 200, false, dev<wbr>.to <wbr>&gt; amoorzheyu <wbr>&gt; xi-tong-dai-li-pei-zhi-bu<wbr>-ke-chi-jiu-hua-de-wen-ti-pai-cha-yu-jie-jue-23j8, 83, 42"
43,https://www.emails-to-sheets.com/,"https://www.emails-to-sheets.com/, https://www.fiverr.com/, 43, text, 1, false, Export Emails to Sheets | Email Parser, 2026-04-16T00:00:00+0200, 2021-04-09T00:00:00+0200, false, 200, false, fiverr, 86, 49, https://www.emails-to-sheets.com/, https://www.upwork.com/, 43, text, 1, false, Export Emails to Sheets | Email Parser, 2026-04-16T00:00:00+0200, 2021-04-09T00:00:00+0200, false, 200, false, upwork, 86, 49"
43,https://www.selbstaendig-im-netz.de/geld-verdienen-uebersicht/,"https://www.selbstaendig-im-netz.de/geld-verdienen-uebersicht/, https://www.fiverr.com/, 43, text, 1, true, Online Geld verdienen: Die 17+5 besten Wege in 2026, 2026-04-17T00:00:00+0200, 2024-08-09T00:00:00+0200, false, 200, false, fiverr, 35, 152, https://www.selbstaendig-im-netz.de/geld-verdienen-uebersicht/, https://www.upwork.com/, 43, text, 1, true, Online Geld verdienen: Die 17+5 besten Wege in 2026, 2026-04-17T00:00:00+0200, 2024-08-09T00:00:00+0200, false, 200, false, upwork, 35, 152"
43,https://www.quantconnect.com/integration-partners/,"https://www.quantconnect.com/integration-partners/, https://www.fiverr.com/licheng906, 43, text, 1, true, QuantConnect Integration Partners - QuantConnect.com, 2026-04-14T00:00:00+0200, 2023-08-17T00:00:00+0200, false, 200, false, get in touch, 26, 63, https://www.quantconnect.com/integration-partners/, https://www.upwork.com/freelancers/ffaimi, 43, text, 1, true, QuantConnect Integration Partners - QuantConnect.com, 2026-04-14T00:00:00+0200, 2025-08-15T00:00:00+0200, false, 200, false, get in touch, 26, 63"
43,https://jingsourcing.com/find-china-sourcing-agents-company/,"https://jingsourcing.com/find-china-sourcing-agents-company/, https://www.fiverr.com/, 43, text, 1, false, China Sourcing Agents: Top 5 Buyers' Questions, 2026-04-16T00:00:00+0200, 2022-04-12T00:00:00+0200, false, 200, false, fiverr, 5, 187, https://jingsourcing.com/find-china-sourcing-agents-company/, https://www.upwork.com/, 43, text, 1, false, China Sourcing Agents: Top 5 Buyers' Questions, 2026-04-16T00:00:00+0200, 2022-04-12T00:00:00+0200, false, 200, false, upwork, 5, 187"
42,https://www.salehoo.com/learn/how-to-start-a-drop-shipping-business,"https://www.salehoo.com/learn/how-to-start-a-drop-shipping-business, https://www.fiverr.com/, 42, text, 1, true, How to Start a Dropshipping Business: The Only Guide You'll Need | SaleHoo, 2026-04-16T00:00:00+0200, 2023-09-19T00:00:00+0200, false, 200, false, fivver, 41, 379, https://www.salehoo.com/learn/how-to-start-a-drop-shipping-business, https://www.upwork.com/, 42, text, 1, true, How to Start a Dropshipping Business: The Only Guide You'll Need | SaleHoo, 2026-04-16T00:00:00+0200, 2023-09-19T00:00:00+0200, false, 200, false, upwork, 41, 379"
42,https://www.hostinger.com/es/tutoriales/como-ganar-dinero-por-internet/,"https://www.hostinger.com/es/tutoriales/como-ganar-dinero-por-internet/, https://es.fiverr.com/, 42, text, 1, true, 25 formas de ganar dinero por Internet: costos y ganancias, 2026-04-16T00:00:00+0200, 2025-02-27T00:00:00+0100, false, 200, false, fiverr, 43, 195, https://www.hostinger.com/es/tutoriales/como-ganar-dinero-por-internet/, https://www.upwork.com/, 42, text, 1, true, 25 formas de ganar dinero por Internet: costos y ganancias, 2026-04-16T00:00:00+0200, 2025-02-27T00:00:00+0100, false, 200, false, upwork, 43, 195"
42,https://www.provenexpert.com/de-de/bewertungsportale/,"https://www.provenexpert.com/de-de/bewertungsportale/, https://www.fiverr.com/, 42, text, 1, true, Bewertungsportale - Für Wen & Warum? | ProvenExpert.com, 2026-04-11T00:00:00+0200, 2021-02-15T00:00:00+0100, false, 200, false, fiverr, 563, 153, https://www.provenexpert.com/de-de/bewertungsportale/, https://www.upwork.com/, 42, text, 1, true, Bewertungsportale - Für Wen & Warum? | ProvenExpert.com, 2026-04-11T00:00:00+0200, 2020-12-11T00:00:00+0100, false, 200, false, upwork, 563, 153"
42,https://baremetrics.com/experts,"https://baremetrics.com/experts, https://upwork.com/?ref=baremetrics-experts, 42, text, 1, false, Baremetrics: Experts, 2026-04-15T00:00:00+0200, 2020-11-16T00:00:00+0100, false, 200, false, upwork design, development, marketing <wbr>&amp; sales hire top‑quality f<wbr>reelancers for your next project from the largest and most trusted <wbr>.<wbr>.<wbr>., 104, 131, https://baremetrics.com/experts, https://toptal.com/?ref=baremetrics-experts, 42, text, 1, false, Baremetrics: Experts, 2026-04-15T00:00:00+0200, 2020-11-16T00:00:00+0100, false, 200, false, toptal design, development, legal <wbr>&amp; financial enabling start<wbr>-ups, businesses, and organizations to hire freelancers from a growing <wbr>.<wbr>.<wbr>., 104, 131"
41,https://www.podcast.co/resources/how-to-start-a-podcast,"https://www.podcast.co/resources/how-to-start-a-podcast, https://www.fiverr.com/, 41, text, 1, false, How to Start a Podcast: The Easy-to-Follow Guide | Podcast.co, 2026-04-16T00:00:00+0200, 2022-07-02T00:00:00+0200, false, 200, false, fivver, 98, 139, https://www.podcast.co/resources/how-to-start-a-podcast, https://www.upwork.com/, 41, text, 1, false, How to Start a Podcast: The Easy-to-Follow Guide | Podcast.co, 2026-04-16T00:00:00+0200, 2022-07-02T00:00:00+0200, false, 200, false, upwork, 98, 139"
41,https://www.ecommerceceo.com/legit-ways-to-make-money-online/,"https://www.ecommerceceo.com/legit-ways-to-make-money-online/, https://fiverr.com/, 41, text, 1, false, 151 Legit Ways to Make Money Online at Home [Without Scams!], 2026-04-16T00:00:00+0200, 2024-11-05T00:00:00+0100, false, 200, false, fiverr, 83, 153, https://www.ecommerceceo.com/legit-ways-to-make-money-online/, https://www.upwork.com/, 41, text, 1, false, 151 Legit Ways to Make Money Online at Home [Without Scams!], 2026-04-16T00:00:00+0200, 2023-09-28T00:00:00+0200, false, 200, false, upwork, 83, 153"
41,https://kursuok.lt/krypties-kompasas,"https://kursuok.lt/krypties-kompasas, https://www.fiverr.com/, 41, text, 1, false, Konsultavimas karjerai | Kursuok, 2026-04-16T00:00:00+0200, 2025-02-21T00:00:00+0100, false, 200, false, fiverr, 145, 40, https://kursuok.lt/krypties-kompasas, https://www.upwork.com/, 41, text, 1, false, Konsultavimas karjerai | Kursuok, 2026-04-16T00:00:00+0200, 2025-02-21T00:00:00+0100, false, 200, false, upwork, 145, 40, https://kursuok.lt/krypties-kompasas, https://www.toptal.com/, 41, text, 1, false, Konsultavimas karjerai | Kursuok, 2026-04-16T00:00:00+0200, 2025-02-21T00:00:00+0100, false, 200, false, toptal.com:, 145, 40"
41,https://www.paidmembershipspro.com/developers/,"https://www.paidmembershipspro.com/developers/, https://www.fiverr.com/search/gigs?query=Paid Memberships Pro, 41, text, 1, false, Develop Your Membership Site with Codeable or an Agency Partner, 2026-04-16T00:00:00+0200, 2024-07-28T00:00:00+0200, false, 200, false, fiverr, 25, 137, https://www.paidmembershipspro.com/developers/, https://www.upwork.com/, 41, text, 1, false, Develop Your Membership Site with Codeable or an Agency Partner, 2026-04-16T00:00:00+0200, 2025-03-26T00:00:00+0100, false, 200, false, upwork, 25, 137"
41,https://logo.com/blog/small-business-ideas,"https://logo.com/blog/small-business-ideas, http://www.fiverr.com/, 41, text, 1, false, How to Pick a Winning Small Business Idea, 2026-03-03T00:00:00+0100, 2026-02-17T00:00:00+0100, true, 200, false, fiverr, 12, 162, https://logo.com/blog/small-business-ideas, http://www.upwork.com/, 41, text, 1, false, How to Pick a Winning Small Business Idea, 2026-03-03T00:00:00+0100, 2026-02-17T00:00:00+0100, true, 200, false, upwork, 12, 162"
41,https://pornwebmasters.com/,"https://pornwebmasters.com/, https://go.fiverr.com/visit/?bta=132394&brand=fiverrhybrid&landingPage=https://www.fiverr.com/techonix, 41, text, 1, true, Porn Webmasters - Make Money With Porn Guide In 2026, 2026-04-16T00:00:00+0200, 2025-02-19T00:00:00+0100, false, 200, false, fiverr techonix, 849, 2068, https://pornwebmasters.com/, https://www.upwork.com/search/profiles/?q=link building, 41, text, 1, true, Porn Webmasters - Make Money With Porn Guide In 2026, 2026-04-16T00:00:00+0200, 2025-02-19T00:00:00+0100, false, 200, false, upwork, 849, 2068"
41,https://www.oberlo.com/blog/how-to-make-money-online,"https://www.oberlo.com/blog/how-to-make-money-online, https://www.fiverr.com/, 41, text, 1, false, How To Make Money Online: 32 Reliable Ways (2025), 2026-04-16T00:00:00+0200, 2020-12-14T00:00:00+0100, false, 200, false, fiverr, 48, 85, https://www.oberlo.com/blog/how-to-make-money-online, https://www.toptal.com/app, 41, text, 1, false, How To Make Money Online: 32 Reliable Ways (2025), 2026-04-16T00:00:00+0200, 2022-06-01T00:00:00+0200, false, 200, false, toptal, 48, 85"
41,https://finmasters.com/make-money-in-retirement/,"https://finmasters.com/make-money-in-retirement/, https://www.fiverr.com/, 41, text, 1, true, 9 Practical Ways to Make Extra Money in Retirement, 2026-04-15T00:00:00+0200, 2021-02-04T00:00:00+0100, false, 200, false, fiverr, 40, 134, https://finmasters.com/make-money-in-retirement/, https://www.upwork.com/i/freelancing-in-america/2019/, 41, text, 1, false, 9 Practical Ways to Make Extra Money in Retirement, 2026-04-15T00:00:00+0200, 2020-12-19T00:00:00+0100, false, 200, false, https://www<wbr>.upwork<wbr>.com<wbr>/i<wbr>/freelancing-in-america<wbr>/2019, 40, 134"
41,https://www.insureon.com/small-business-insurance/freelancer-insurance,"https://www.insureon.com/small-business-insurance/freelancer-insurance, https://www.fiverr.com/, 41, text, 1, false, Freelancer Business Insurance: Get Fast & Free Quotes | Insureon, 2026-04-09T00:00:00+0200, 2023-03-22T00:00:00+0100, false, 200, false, fiverr, 6, 218, https://www.insureon.com/small-business-insurance/freelancer-insurance, https://www.upwork.com/, 41, text, 1, false, Freelancer Business Insurance: Get Fast & Free Quotes | Insureon, 2026-04-09T00:00:00+0200, 2023-03-22T00:00:00+0100, false, 200, false, upwork, 6, 218"
41,https://kevinmd.com/the-kevinmd-toolkit,"https://kevinmd.com/the-kevinmd-toolkit, https://www.fiverr.com/, 41, text, 1, true, The KevinMD ToolKit, 2026-04-13T00:00:00+0200, 2026-04-02T00:00:00+0200, false, 200, false, fiverr, 102, 250, https://kevinmd.com/the-kevinmd-toolkit, https://www.upwork.com/, 41, text, 1, true, The KevinMD ToolKit, 2026-04-13T00:00:00+0200, 2026-04-02T00:00:00+0200, false, 200, false, upwork, 102, 250"
41,https://www.alltageinesfotoproduzenten.de/,"https://www.alltageinesfotoproduzenten.de/, https://www.fiverr.com/, 41, text, 1, false, Alltag eines Fotoproduzenten -, 2026-04-08T00:00:00+0200, 2026-01-17T00:00:00+0100, true, 200, false, fiverr, 36, 156, https://www.alltageinesfotoproduzenten.de/, http://www.upwork.com/, 41, text, 1, false, Alltag eines Fotoproduzenten -, 2026-04-08T00:00:00+0200, 2026-01-17T00:00:00+0100, true, 200, false, upwork, 36, 156"
41,https://airfocus.com/resources/guides/product-manager-job/,"https://airfocus.com/resources/guides/product-manager-job/, https://www.upwork.com/, 41, text, 1, false, The Ultimate Guide to a Product Manager’s Job | airfocus, 2026-04-15T00:00:00+0200, 2022-10-20T00:00:00+0200, false, 200, false, upwork, 45, 113, https://airfocus.com/resources/guides/product-manager-job/, https://www.toptal.com/, 41, text, 1, false, The Ultimate Guide to a Product Manager’s Job | airfocus, 2026-04-15T00:00:00+0200, 2022-10-20T00:00:00+0200, false, 200, false, toptal, 45, 113"
40,https://www.tt123.com/,"https://www.tt123.com/, https://www.fiverr.com/, 40, text, 1, true, TT123卖家导航-TikTok电商门户|海外短视频运营导航, 2026-04-17T00:00:00+0200, 2024-04-22T00:00:00+0200, false, 200, false, fiverr, 582, 182, https://www.tt123.com/, https://www.upwork.com/, 40, text, 1, true, TT123卖家导航-TikTok电商门户|海外短视频运营导航, 2026-04-17T00:00:00+0200, 2024-04-22T00:00:00+0200, false, 200, false, upwork, 582, 182"
40,https://www.devteam.space/hire-ai-developers/,"https://www.devteam.space/hire-ai-developers/, https://www.fiverr.com/, 40, text, 1, true, 12 AI Developers & Development Teams for Hire in March 2026 - DevTeam.Space, 2026-03-02T00:00:00+0100, 2026-02-11T00:00:00+0100, true, 200, false, fiverr, 31, 264, https://www.devteam.space/hire-ai-developers/, https://www.upwork.com/, 40, text, 1, true, 12 AI Developers & Development Teams for Hire in March 2026 - DevTeam.Space, 2026-03-02T00:00:00+0100, 2026-02-11T00:00:00+0100, true, 200, false, upwork,, 31, 264"
40,https://www.learnworlds.com/experts-directory/,"https://www.learnworlds.com/experts-directory/, https://pro.fiverr.com/search/gigs?query=learnworlds&search_in=everywhere&rel=nofollow&expert_listings=false, 40, text, 1, false, Trusted LearnWorlds Experts | Best-in-class consultants for your project, 2026-04-13T00:00:00+0200, 2025-05-15T00:00:00+0200, false, 200, true, fiverr<wbr>. logo displayed on a white ro<wbr>unded rectangular button with gray border; a small green dot after the word and a right-pointing <wbr>.<wbr>.<wbr>., 17, 178, https://www.learnworlds.com/experts-directory/, https://www.upwork.com/pros/learnworlds?utm_medium=Affiliate&utm_source=learnworlds&utm_campaign=AFF__PSHP_website, 40, text, 1, false, Trusted LearnWorlds Experts | Best-in-class consultants for your project, 2026-03-25T00:00:00+0100, 2024-04-08T00:00:00+0200, true, 200, true, a green <wbr>&quot;upwork™<wbr>&quot; logo is displayed on a <wbr>rounded white button with a gray border and subtle shadow, accompanied by a right-facing <wbr>.<wbr>.<wbr>., 18, 176"
40,https://www.nomadicmatt.com/travel-blogs/working-overseas/,"https://www.nomadicmatt.com/travel-blogs/working-overseas/, https://www.fiverr.com/, 40, text, 1, false, 15 Ways to Earn Money While Traveling in 2026, 2026-04-17T00:00:00+0200, 2021-02-15T00:00:00+0100, false, 200, false, fiverr, 50, 190, https://www.nomadicmatt.com/travel-blogs/working-overseas/, https://www.upwork.com/, 40, text, 1, false, 15 Ways to Earn Money While Traveling in 2026, 2026-04-17T00:00:00+0200, 2020-11-23T00:00:00+0100, false, 200, false, upwork, 50, 190"
40,https://www.esop.org/,"https://www.esop.org/, https://www.fiverr.com/, 40, text, 1, false, The 2016 Ultimate Resource List for Content Marketers « SEOPressor – WordPress SEO Plugin, 2026-02-20T00:00:00+0100, 2026-02-20T00:00:00+0100, true, 200, false, fiverr, 159, 27, https://www.esop.org/, https://www.upwork.com/, 40, text, 1, false, The 2016 Ultimate Resource List for Content Marketers « SEOPressor – WordPress SEO Plugin, 2026-02-20T00:00:00+0100, 2026-02-20T00:00:00+0100, true, 200, false, upwork, 159, 27, https://www.esop.org/, https://www.toptal.com/designers/subtlepatterns/, 40, text, 1, false, The 2016 Ultimate Resource List for Content Marketers « SEOPressor – WordPress SEO Plugin, 2026-02-20T00:00:00+0100, 2026-02-20T00:00:00+0100, true, 200, false, subtle patterns, 159, 27"
40,https://frontendmasters.com/guides/front-end-handbook/2019/,"https://frontendmasters.com/guides/front-end-handbook/2019/, https://www.upwork.com/hiring/development/front-end-developer/, 40, text, 1, false, Front-end Developer Handbook 2019 - Learn the entire JavaScript, CSS and HTML development practice!, 2026-04-16T00:00:00+0200, 2021-02-11T00:00:00+0100, false, 200, false, https://www<wbr>.upwork<wbr>.com<wbr>/hiring<wbr>/development<wbr>/front-end-developer/, 1438, 64, https://frontendmasters.com/guides/front-end-handbook/2019/, https://dev.to/emmawedekind/decoding-the-front-end-interview-process-14dl, 40, text, 1, false, Front-end Developer Handbook 2019 - Learn the entire JavaScript, CSS and HTML development practice!, 2026-04-16T00:00:00+0200, 2021-02-11T00:00:00+0100, false, 200, false, decoding the front-end intervi<wbr>ew process, 1438, 64"
40,https://hjr265.me/,"https://hjr265.me/, https://www.upwork.com/o/profiles/users/~01551cbdc32d9260be/, 40, text, 1, false, Mahmud Ridwan (hjr265), 2026-03-06T00:00:00+0100, 2021-06-08T00:00:00+0200, true, 200, false, upwork<wbr>.com<wbr>/<wbr>.<wbr>.<wbr>.<wbr>/users<wbr>/~01551cbdc32d9260be, 11, 11, https://hjr265.me/, https://www.toptal.com/resume/mahmud-ridwan/N8D73N/worlds-top-talent, 40, text, 1, false, Mahmud Ridwan (hjr265), 2026-04-16T00:00:00+0200, 2021-06-08T00:00:00+0200, false, 200, false, toptal<wbr>.com<wbr>/resume<wbr>/mahmud-ridwan, 12, 15"
40,https://john.colagioia.net/,"https://john.colagioia.net/, https://www.toptal.com/designers/subtlepatterns/, 40, text, 1, false, John Colagioia, 2026-04-15T00:00:00+0200, 2020-11-16T00:00:00+0100, false, 200, false, subtle patterns, 32, 16, https://john.colagioia.net/, https://dev.to/jcolag, 40, text, 1, false, John Colagioia, 2026-04-15T00:00:00+0200, 2025-09-11T00:00:00+0200, false, 200, false, the practical dev, 32, 16"
39,https://123.dtkj.net/,"https://123.dtkj.net/, https://www.fiverr.com/, 39, text, 1, true, 灯塔跨境-跨境卖家网站导航, 2026-04-16T00:00:00+0200, 2025-03-05T00:00:00+0100, false, 200, false, fiverr, 861, 35, https://123.dtkj.net/, https://www.toptal.com/marketing/mergewords, 39, text, 1, true, 灯塔跨境-跨境卖家网站导航, 2026-04-16T00:00:00+0200, 2025-01-02T00:00:00+0100, false, 200, false, mergewords, 861, 35"
39,https://skillcrush.com/blog/sites-finding-remote-work/,"https://skillcrush.com/blog/sites-finding-remote-work/, https://www.fiverr.com/, 39, text, 1, false, Find Remote Work Online (30+ Best Remote Job Sites), 2026-04-15T00:00:00+0200, 2021-01-13T00:00:00+0100, false, 200, false, fiverr, 50, 99, https://skillcrush.com/blog/sites-finding-remote-work/, https://www.upwork.com/, 39, text, 1, false, Find Remote Work Online (30+ Best Remote Job Sites), 2026-04-15T00:00:00+0200, 2020-11-23T00:00:00+0100, false, 200, false, upwork, 50, 99, https://skillcrush.com/blog/sites-finding-remote-work/, https://www.toptal.com/, 39, text, 1, false, Find Remote Work Online (30+ Best Remote Job Sites), 2026-04-15T00:00:00+0200, 2024-08-13T00:00:00+0200, false, 200, false, toptal, 50, 99"
39,https://www.willshall.com/,"https://www.willshall.com/, https://www.fiverr.com/sachinsharmaws, 39, text, 1, false, Hire Expert Web Designer & Developer | WillShall Consulting, 2026-04-16T00:00:00+0200, 2023-06-23T00:00:00+0200, false, 200, false, fiverr, 32, 298, https://www.willshall.com/, https://www.upwork.com/o/companies/~011fc78cb7cb9057c4, 39, text, 1, false, Hire Expert Web Designer & Developer | WillShall Consulting, 2026-04-16T00:00:00+0200, 2023-06-23T00:00:00+0200, false, 200, true, upwork, 32, 298"
39,https://www.indgovtjobs.in/,"https://www.indgovtjobs.in/, https://www.fiverr.com/, 39, text, 1, true, Indian Government Jobs - Free Govt Job Alerts | IndGovtJobs, 2026-04-16T00:00:00+0200, 2026-01-26T00:00:00+0100, true, 200, false, fiverr, 47, 366, https://www.indgovtjobs.in/, https://www.upwork.com/, 39, text, 1, true, Indian Government Jobs - Free Govt Job Alerts | IndGovtJobs, 2026-04-16T00:00:00+0200, 2026-01-26T00:00:00+0100, true, 200, false, upwork, 47, 366, https://www.indgovtjobs.in/, https://www.toptal.com/, 39, text, 1, true, Indian Government Jobs - Free Govt Job Alerts | IndGovtJobs, 2026-04-16T00:00:00+0200, 2026-01-26T00:00:00+0100, true, 200, false, toptal, 47, 366"
39,https://justdeleteme.xyz/,"https://justdeleteme.xyz/, https://help.fiverr.com/hc/en-us/articles/37331887967761-How-to-deactivate-or-permanently-delete-your-account, 39, text, 1, false, Just Delete Me | A directory of direct links to delete your account from web services., 2026-04-16T00:00:00+0200, 2026-03-06T00:00:00+0100, false, 200, false, fiverr, 886, 1034, https://justdeleteme.xyz/, https://dev.to/settings/account, 39, text, 1, false, Just Delete Me | A directory of direct links to delete your account from web services., 2026-04-16T00:00:00+0200, 2025-03-04T00:00:00+0100, false, 200, false, dev, 886, 1034"
39,https://bytescraper.com/,"https://bytescraper.com/, https://www.fiverr.com/scrapingexperts, 39, text, 1, false, ByteScraper - AI Development, B2B Database & Web Scraping Services, 2026-04-17T00:00:00+0200, 2025-08-06T00:00:00+0200, false, 200, true, fiverr, 15, 25, https://bytescraper.com/, https://www.upwork.com/freelancers/webscrapingexperts, 39, text, 1, false, ByteScraper - AI Development, B2B Database & Web Scraping Services, 2026-04-17T00:00:00+0200, 2025-08-06T00:00:00+0200, false, 200, true, upwork, 15, 25"
39,https://www.indietraveller.co/resources/,"https://www.indietraveller.co/resources/, http://fiverr.com/, 39, text, 1, false, 51 Best Travel Tools & Resources For Planning Your Next Trip, 2026-04-16T00:00:00+0200, 2020-11-16T00:00:00+0100, false, 200, false, fiverr, 63, 133, https://www.indietraveller.co/resources/, https://upwork.com/, 39, text, 1, false, 51 Best Travel Tools & Resources For Planning Your Next Trip, 2026-04-16T00:00:00+0200, 2020-11-16T00:00:00+0100, false, 200, false, upwork, 63, 133"
39,https://firstsiteguide.com/freelance-jobs-websites/,"https://firstsiteguide.com/freelance-jobs-websites/, https://www.fiverr.com/show_join=true&utm_source=18647&utm_medium=cx_affiliate&utm_campaign=&cxd_token=18647_3130219&show_join=true, 39, text, 1, false, The 50 Best Freelance Jobs Websites - Find Freelance Work in 2025, 2026-03-18T00:00:00+0100, 2020-11-16T00:00:00+0100, false, 200, true, fiverr, 128, 199, https://firstsiteguide.com/freelance-jobs-websites/, https://www.toptal.com/, 39, text, 1, true, The 50 Best Freelance Jobs Websites - Find Freelance Work in 2025, 2026-03-18T00:00:00+0100, 2020-11-16T00:00:00+0100, false, 200, false, visit toptal for additional information <wbr>&gt;<wbr>&gt;, 128, 199"
39,https://www.upwork.com/resources/best-freelance-websites,"https://www.upwork.com/resources/best-freelance-websites, https://www.fiverr.com/stores/online-courses, 39, text, 1, false, 20+ Best Freelance Websites for Finding Online Work in 2026 - Upwork, 2026-01-05T00:00:00+0100, 2025-11-19T00:00:00+0100, true, 200, false, online courses, 43, 304, https://www.upwork.com/resources/best-freelance-websites, https://www.toptal.com/, 39, text, 1, false, The Best Freelance Websites for Finding Work Online in 2026 and Beyond - Upwork, 2026-04-03T00:00:00+0200, 2023-02-02T00:00:00+0100, false, 200, false, toptal, 32, 345"
39,https://www.developersforhire.com/,"https://www.developersforhire.com/, https://www.upwork.com/, 39, text, 1, true, Hire Freelance Developers from the 20 Best Sites in 2025, 2026-04-17T00:00:00+0200, 2023-10-09T00:00:00+0200, false, 200, false, go to the site, 28, 158, https://www.developersforhire.com/, https://www.toptal.com/developers?utm_source=developersforhire.com&utm_medium=referral&utm_content=skill_home, 39, text, 1, true, Hire Freelance Developers from the 20 Best Sites in 2025, 2026-04-17T00:00:00+0200, 2022-10-21T00:00:00+0200, false, 200, false, go to the site, 28, 158"
39,https://trib.com/news/,"https://trib.com/news/, https://www.upwork.com/, 39, text, 1, false, Casper Star Tribune | Latest Headlines | trib.com, 2026-02-03T00:00:00+0100, 2026-01-24T00:00:00+0100, true, 200, false, upwork, 14, 256, https://trib.com/news/, https://www.toptal.com/, 39, text, 1, false, Casper Star Tribune | Latest Headlines | trib.com, 2026-02-18T00:00:00+0100, 2026-02-18T00:00:00+0100, true, 200, false, toptal, 17, 254"
39,https://www.legalnomads.com/digital-nomads/,"https://www.legalnomads.com/digital-nomads/, https://www.upwork.com/, 39, text, 1, false, Resources for Digital Nomads and Remote Workers, 2026-04-16T00:00:00+0200, 2025-03-06T00:00:00+0100, false, 200, false, upwork, 298, 124, https://www.legalnomads.com/digital-nomads/, http://www.toptal.com/, 39, text, 1, false, Resources for Digital Nomads and Remote Workers, 2026-04-16T00:00:00+0200, 2025-03-06T00:00:00+0100, false, 200, false, toptal, 298, 124"
38,https://themanifest.com/bpo/blog/how-to-use-outsourcing-grow-business,"https://themanifest.com/bpo/blog/how-to-use-outsourcing-grow-business, https://www.fiverr.com/, 38, text, 1, false, How to Use Outsourcing to Grow Your Business, 2026-03-23T00:00:00+0100, 2021-12-11T00:00:00+0100, false, 200, false, fiverr, 23, 175, https://themanifest.com/bpo/blog/how-to-use-outsourcing-grow-business, https://www.upwork.com/, 38, text, 1, false, How to Use Outsourcing to Grow Your Business, 2026-03-23T00:00:00+0100, 2021-12-11T00:00:00+0100, false, 200, false, upwork, 23, 175"
38,https://www.ucas.com/money-and-student-life/money/budgeting/ten-money-tips-for-starting-university-or-college,"https://www.ucas.com/money-and-student-life/money/budgeting/ten-money-tips-for-starting-university-or-college, https://www.fiverr.com/, 38, text, 1, false, Ten money tips for starting university or college | UCAS, 2026-04-17T00:00:00+0200, 2026-02-20T00:00:00+0100, false, 200, false, fiverr, 19, 445, https://www.ucas.com/money-and-student-life/money/budgeting/ten-money-tips-for-starting-university-or-college, https://www.upwork.com/en-gb/, 38, text, 1, false, Ten money tips for starting university or college | UCAS, 2026-04-17T00:00:00+0200, 2026-02-20T00:00:00+0100, false, 200, false, upwork, 19, 445"
38,https://pencilwp.com/best-freelance-jobs-websites-finding-work-from-home/,"https://pencilwp.com/best-freelance-jobs-websites-finding-work-from-home/, https://www.fiverr.com/, 38, text, 1, false, 5 Best Freelance Jobs Websites to Get Finding Freelance Work From Home [2021] – Pencil WP, 2026-04-13T00:00:00+0200, 2024-03-15T00:00:00+0100, false, 200, false, 1. fiverr.com, 5, 34, https://pencilwp.com/best-freelance-jobs-websites-finding-work-from-home/, https://www.upwork.com/, 38, text, 1, false, 5 Best Freelance Jobs Websites to Get Finding Freelance Work From Home [2021] – Pencil WP, 2026-04-13T00:00:00+0200, 2024-03-15T00:00:00+0100, false, 200, false, 2. upwork.com, 5, 34"
38,https://www.tovmach.com/,"https://www.tovmach.com/, https://www.fiverr.com/tovmach, 38, text, 1, false, Michael Tovmach | Web Developer and UI/UX Designer, 2026-04-17T00:00:00+0200, 2025-01-14T00:00:00+0100, false, 200, false, fiverr 5.0 (18), 65, 15, https://www.tovmach.com/, https://www.upwork.com/freelancers/~01421d0ab5456f98c2?viewMode=1, 38, text, 1, false, Michael Tovmach | Web Developer and UI/UX Designer, 2026-04-17T00:00:00+0200, 2025-01-14T00:00:00+0100, false, 200, false, upwork 5.0 (44), 65, 15"
38,https://www.mobiloud.com/blog/how-much-does-it-cost-to-create-an-app,"https://www.mobiloud.com/blog/how-much-does-it-cost-to-create-an-app, https://www.upwork.com/, 38, text, 1, false, How Much Does it Cost to Create an App in 2026?, 2026-04-15T00:00:00+0200, 2024-02-28T00:00:00+0100, false, 200, false, upwork, 34, 247, https://www.mobiloud.com/blog/how-much-does-it-cost-to-create-an-app, https://www.toptal.com/, 38, text, 1, false, How Much Does it Cost to Create an App in 2026?, 2026-04-15T00:00:00+0200, 2026-03-17T00:00:00+0100, false, 200, false, toptal, 34, 247"
38,https://blogonyourown.com/freelance-wordpress-developers/,"https://blogonyourown.com/freelance-wordpress-developers/, https://www.upwork.com/, 38, text, 1, false, Where to Hire The Best Freelance WordPress Developers - Blog On Your Own, 2026-04-16T00:00:00+0200, 2022-12-19T00:00:00+0100, false, 200, false, upwork, 16, 84, https://blogonyourown.com/freelance-wordpress-developers/, https://www.toptal.com/, 38, text, 1, false, Where to Hire The Best Freelance WordPress Developers - Blog On Your Own, 2026-04-16T00:00:00+0200, 2022-12-19T00:00:00+0100, false, 200, false, toptal, 16, 84"
38,https://tucson.com/news/nation-world/,"https://tucson.com/news/nation-world/, https://www.upwork.com/, 38, text, 1, false, Tucson Nation & World News | tucson.com | tucson.com, 2026-02-04T00:00:00+0100, 2025-12-11T00:00:00+0100, true, 200, false, upwork, 23, 263, https://tucson.com/news/nation-world/, https://www.toptal.com/, 38, text, 1, false, Tucson Nation & World News | tucson.com | tucson.com, 2026-02-18T00:00:00+0100, 2026-02-18T00:00:00+0100, true, 200, false, toptal, 28, 265"
37,http://www.uiaccess.com/transcripts/transcript_services.html,"http://www.uiaccess.com/transcripts/transcript_services.html, http://www.fiverr.com/gigs/search?query=transcribe&x=0&y=0, 37, text, 1, false, Transcription Services | uiAccess, 2026-04-16T00:00:00+0200, 2020-11-16T00:00:00+0100, false, 200, false, fiverr.com, 149, 47, http://www.uiaccess.com/transcripts/transcript_services.html, https://www.upwork.com/hire/, 37, text, 1, false, Transcription Services | uiAccess, 2026-04-16T00:00:00+0200, 2020-11-16T00:00:00+0100, false, 200, false, odesk, 149, 47"
37,https://systeme.io/blog/make-money-home,"https://systeme.io/blog/make-money-home, https://www.fiverr.com/, 37, text, 1, false, 14 Proven Ways to Start Making Money at Home Today!, 2026-04-07T00:00:00+0200, 2025-03-04T00:00:00+0100, false, 200, false, fiverr, 31, 70, https://systeme.io/blog/make-money-home, https://www.upwork.com/, 37, text, 1, false, 14 Proven Ways to Start Making Money at Home Today!, 2026-04-07T00:00:00+0200, 2025-03-04T00:00:00+0100, false, 200, false, upwork, 31, 70"